Objective,Which contract type is most profitable per patient,?

lob,profit,profperpat
Medicare,3813270.029506771,49522.98739619183
Medicaid,111083.61983158934,7934.544273684953
Commercial,324338.79094897746,7722.3521654518445

